{
  "graf1": {
    "order": [
      "A",
      "B",
      "C",
      "D",
      "E",
      "F"
    ],
    "parent": {
      "A": null,
      "B": "A",
      "C": "A",
      "D": "B",
      "E": "B",
      "F": "C"
    },
    "dist": {
      "A": 0,
      "B": 1,
      "C": 1,
      "D": 2,
      "E": 2,
      "F": 2
    }
  },
  "graf2": {
    "order": [
      1,
      2,
      3,
      4,
      5,
      6,
      8,
      7,
      9
    ],
    "parent": {
      "1": null,
      "2": 1,
      "3": 1,
      "4": 2,
      "5": 2,
      "6": 3,
      "8": 4,
      "7": 6,
      "9": 8
    },
    "dist": {
      "1": 0,
      "2": 1,
      "3": 1,
      "4": 2,
      "5": 2,
      "6": 2,
      "8": 3,
      "7": 3,
      "9": 4
    }
  }
}