{
  "graf1": {
    "order": [
      "A",
      "B",
      "C",
      "D",
      "M",
      "E",
      "F",
      "N",
      "G",
      "H",
      "P",
      "I",
      "J",
      "O",
      "K",
      "L"
    ],
    "parent": {
      "A": null,
      "B": "A",
      "C": "A",
      "D": "A",
      "M": "A",
      "E": "B",
      "F": "B",
      "N": "B",
      "G": "C",
      "H": "D",
      "P": "M",
      "I": "E",
      "J": "F",
      "O": "N",
      "K": "G",
      "L": "H"
    },
    "dist": {
      "A": 0,
      "B": 1,
      "C": 1,
      "D": 1,
      "M": 1,
      "E": 2,
      "F": 2,
      "N": 2,
      "G": 2,
      "H": 2,
      "P": 2,
      "I": 3,
      "J": 3,
      "O": 3,
      "K": 3,
      "L": 3
    }
  },
  "graf2": {
    "order": [
      1,
      2,
      3,
      4,
      5,
      6,
      7,
      8,
      9,
      10,
      11,
      12,
      13,
      14,
      15,
      16,
      17,
      18
    ],
    "parent": {
      "1": null,
      "2": 1,
      "3": 1,
      "4": 1,
      "5": 2,
      "6": 2,
      "7": 3,
      "8": 4,
      "9": 5,
      "10": 5,
      "11": 6,
      "12": 7,
      "13": 8,
      "14": 9,
      "15": 10,
      "16": 11,
      "17": 12,
      "18": 13
    },
    "dist": {
      "1": 0,
      "2": 1,
      "3": 1,
      "4": 1,
      "5": 2,
      "6": 2,
      "7": 2,
      "8": 2,
      "9": 3,
      "10": 3,
      "11": 3,
      "12": 3,
      "13": 3,
      "14": 4,
      "15": 4,
      "16": 4,
      "17": 4,
      "18": 4
    }
  }
}